Type,Root Function Name,Function Name,Inclusive Samples,Exclusive Samples,Inclusive Samples %,Exclusive Samples %,
"Root","[coreclr.dll]","[coreclr.dll]",255,253,50.50,50.10,
"Caller","[coreclr.dll]","Newtonsoft.Json.JsonReader.Pop",1,1,0.20,0.20,
"Caller","[coreclr.dll]","Newtonsoft.Json.JsonReader.Push",1,1,0.20,0.20,
"Caller","[coreclr.dll]","Newtonsoft.Json.JsonSerializer..ctor",4,0,0.79,0.00,
"Caller","[coreclr.dll]","Newtonsoft.Json.JsonSerializer.GetMatchingConverter",3,3,0.59,0.59,
"Caller","[coreclr.dll]","Newtonsoft.Json.JsonSerializer.SerializeInternal",1,1,0.20,0.20,
"Caller","[coreclr.dll]","Newtonsoft.Json.JsonTextReader.MatchValueWithTrailingSeparator",1,1,0.20,0.20,
"Caller","[coreclr.dll]","Newtonsoft.Json.JsonTextReader.ParseNull",1,1,0.20,0.20,
"Caller","[coreclr.dll]","Newtonsoft.Json.JsonTextReader.ParseObject",1,1,0.20,0.20,
"Caller","[coreclr.dll]","Newtonsoft.Json.JsonTextReader.ParsePostValue",1,1,0.20,0.20,
"Caller","[coreclr.dll]","Newtonsoft.Json.JsonTextReader.ParseProperty",5,5,0.99,0.99,
"Caller","[coreclr.dll]","Newtonsoft.Json.JsonTextReader.ParseValue",9,9,1.78,1.78,
"Caller","[coreclr.dll]","Newtonsoft.Json.JsonTextReader.Read",1,1,0.20,0.20,
"Caller","[coreclr.dll]","Newtonsoft.Json.JsonTextReader.ReadData",1,1,0.20,0.20,
"Caller","[coreclr.dll]","Newtonsoft.Json.JsonTextReader.ReadNumberIntoBuffer",1,1,0.20,0.20,
"Caller","[coreclr.dll]","Newtonsoft.Json.JsonTextReader.ReadStringIntoBuffer",1,1,0.20,0.20,
"Caller","[coreclr.dll]","Newtonsoft.Json.JsonTextWriter.WriteEscapedString",2,2,0.40,0.40,
"Caller","[coreclr.dll]","Newtonsoft.Json.JsonTextWriter.WriteStartObject",1,1,0.20,0.20,
"Caller","[coreclr.dll]","Newtonsoft.Json.JsonWriter..cctor",1,1,0.20,0.20,
"Caller","[coreclr.dll]","Newtonsoft.Json.JsonWriter..ctor",6,0,1.19,0.00,
"Caller","[coreclr.dll]","Newtonsoft.Json.JsonWriter.AutoComplete",1,1,0.20,0.20,
"Caller","[coreclr.dll]","Newtonsoft.Json.JsonWriter.AutoCompleteAll",1,1,0.20,0.20,
"Caller","[coreclr.dll]","Newtonsoft.Json.JsonWriter.AutoCompleteClose",2,2,0.40,0.40,
"Caller","[coreclr.dll]","Newtonsoft.Json.JsonWriter.BuildStateArray",3,3,0.59,0.59,
"Caller","[coreclr.dll]","Newtonsoft.Json.Linq.Extensions+<Convert>d__14`2[System.__Canon,System.__Canon].MoveNext",1,1,0.20,0.20,
"Caller","[coreclr.dll]","Newtonsoft.Json.Linq.JContainer..ctor",1,1,0.20,0.20,
"Caller","[coreclr.dll]","Newtonsoft.Json.Linq.JContainer.EnsureParentToken",1,1,0.20,0.20,
"Caller","[coreclr.dll]","Newtonsoft.Json.Linq.JContainer.InsertItem",2,2,0.40,0.40,
"Caller","[coreclr.dll]","Newtonsoft.Json.Linq.JContainer.ReadContentFrom",7,7,1.39,1.39,
"Caller","[coreclr.dll]","Newtonsoft.Json.Linq.JContainer.ReadTokenFrom",4,4,0.79,0.79,
"Caller","[coreclr.dll]","Newtonsoft.Json.Linq.JContainer.RemoveItem",1,1,0.20,0.20,
"Caller","[coreclr.dll]","Newtonsoft.Json.Linq.JObject.CloneToken",1,1,0.20,0.20,
"Caller","[coreclr.dll]","Newtonsoft.Json.Linq.JObject.Load",10,10,1.98,1.98,
"Caller","[coreclr.dll]","Newtonsoft.Json.Linq.JObject.Parse",6,6,1.19,1.19,
"Caller","[coreclr.dll]","Newtonsoft.Json.Linq.JObject.WriteTo",2,2,0.40,0.40,
"Caller","[coreclr.dll]","Newtonsoft.Json.Linq.JObject+<GetEnumerator>d__58.MoveNext",3,3,0.59,0.59,
"Caller","[coreclr.dll]","Newtonsoft.Json.Linq.JObject+<GetEnumerator>d__58.System.Collections.Generic.IEnumerator<System.Collections.Generic.KeyValuePair<System.String,Newtonsoft.Json.Linq.JToken>>.get_Current",2,2,0.40,0.40,
"Caller","[coreclr.dll]","Newtonsoft.Json.Linq.JProperty.SetItem",1,1,0.20,0.20,
"Caller","[coreclr.dll]","Newtonsoft.Json.Linq.JsonPath.ArrayIndexFilter.ExecuteFilter",8,8,1.58,1.58,
"Caller","[coreclr.dll]","Newtonsoft.Json.Linq.JsonPath.ArrayIndexFilter+<ExecuteFilter>d__4.MoveNext",9,9,1.78,1.78,
"Caller","[coreclr.dll]","Newtonsoft.Json.Linq.JsonPath.ArrayIndexFilter+<ExecuteFilter>d__4.System.Collections.Generic.IEnumerable<Newtonsoft.Json.Linq.JToken>.GetEnumerator",1,1,0.20,0.20,
"Caller","[coreclr.dll]","Newtonsoft.Json.Linq.JsonPath.FieldFilter.ExecuteFilter",12,12,2.38,2.38,
"Caller","[coreclr.dll]","Newtonsoft.Json.Linq.JsonPath.FieldFilter+<ExecuteFilter>d__4.MoveNext",15,15,2.97,2.97,
"Caller","[coreclr.dll]","Newtonsoft.Json.Linq.JsonPath.FieldFilter+<ExecuteFilter>d__4.System.Collections.Generic.IEnumerable<Newtonsoft.Json.Linq.JToken>.GetEnumerator",3,3,0.59,0.59,
"Caller","[coreclr.dll]","Newtonsoft.Json.Linq.JsonPath.JPath..ctor",3,3,0.59,0.59,
"Caller","[coreclr.dll]","Newtonsoft.Json.Linq.JsonPath.JPath.CreatePathFilter",4,4,0.79,0.79,
"Caller","[coreclr.dll]","Newtonsoft.Json.Linq.JsonPath.JPath.Evaluate",6,6,1.19,1.19,
"Caller","[coreclr.dll]","Newtonsoft.Json.Linq.JsonPath.JPath.ParseMain",2,2,0.40,0.40,
"Caller","[coreclr.dll]","Newtonsoft.Json.Linq.JsonPath.JPath.ParsePath",24,24,4.75,4.75,
"Caller","[coreclr.dll]","Newtonsoft.Json.Linq.JsonPath.ScanFilter.ExecuteFilter",3,3,0.59,0.59,
"Caller","[coreclr.dll]","Newtonsoft.Json.Linq.JToken.FromObjectInternal",3,3,0.59,0.59,
"Caller","[coreclr.dll]","Newtonsoft.Json.Linq.JToken.Remove",1,1,0.20,0.20,
"Caller","[coreclr.dll]","Newtonsoft.Json.Linq.JToken.SelectToken",5,5,0.99,0.99,
"Caller","[coreclr.dll]","Newtonsoft.Json.Linq.JToken.ToString",1,1,0.20,0.20,
"Caller","[coreclr.dll]","Newtonsoft.Json.Linq.JTokenWriter.WriteValue",1,1,0.20,0.20,
"Caller","[coreclr.dll]","Newtonsoft.Json.Linq.JValue.WriteTo",1,1,0.20,0.20,
"Caller","[coreclr.dll]","Newtonsoft.Json.Serialization.CachedAttributeGetter`1[System.__Canon]..cctor",1,1,0.20,0.20,
"Caller","[coreclr.dll]","Newtonsoft.Json.Serialization.DefaultContractResolver..ctor",1,1,0.20,0.20,
"Caller","[coreclr.dll]","Newtonsoft.Json.Serialization.DefaultContractResolver.CreatePrimitiveContract",1,1,0.20,0.20,
"Caller","[coreclr.dll]","Newtonsoft.Json.Serialization.DefaultContractResolver.GetCallbackMethodsForType",3,3,0.59,0.59,
"Caller","[coreclr.dll]","Newtonsoft.Json.Serialization.DefaultContractResolver.InitializeContract",6,5,1.19,0.99,
"Caller","[coreclr.dll]","Newtonsoft.Json.Serialization.DefaultContractResolver.ResolveCallbackMethods",2,2,0.40,0.40,
"Caller","[coreclr.dll]","Newtonsoft.Json.Serialization.DefaultContractResolver.ResolveContract",4,4,0.79,0.79,
"Caller","[coreclr.dll]","Newtonsoft.Json.Serialization.DefaultSerializationBinder..cctor",1,1,0.20,0.20,
"Caller","[coreclr.dll]","Newtonsoft.Json.Serialization.DefaultSerializationBinder..ctor",1,1,0.20,0.20,
"Caller","[coreclr.dll]","Newtonsoft.Json.Serialization.JsonPrimitiveContract..cctor",3,3,0.59,0.59,
"Caller","[coreclr.dll]","Newtonsoft.Json.Serialization.JsonPrimitiveContract..ctor",6,3,1.19,0.59,
"Caller","[coreclr.dll]","Newtonsoft.Json.Serialization.JsonSerializerInternalWriter.Serialize",7,7,1.39,1.39,
"Caller","[coreclr.dll]","Newtonsoft.Json.Serialization.JsonTypeReflector.GetAssociateMetadataTypeFromAttribute",1,1,0.20,0.20,
"Caller","[coreclr.dll]","Newtonsoft.Json.Utilities.CollectionUtils.ArrayEmpty",1,1,0.20,0.20,
"Caller","[coreclr.dll]","Newtonsoft.Json.Utilities.ConvertUtils..cctor",4,4,0.79,0.79,
"Caller","[coreclr.dll]","Newtonsoft.Json.Utilities.ConvertUtils.GetTypeCode",8,3,1.58,0.59,
"Caller","[coreclr.dll]","Newtonsoft.Json.Utilities.DateTimeUtils.TryParseDateTime",1,1,0.20,0.20,
"Caller","[coreclr.dll]","Newtonsoft.Json.Utilities.EnumUtils.GetValues",1,1,0.20,0.20,
"Caller","[coreclr.dll]","Newtonsoft.Json.Utilities.ExpressionReflectionDelegateFactory.CreateDefaultConstructor",14,14,2.77,2.77,
"Caller","[coreclr.dll]","Newtonsoft.Json.Utilities.JavaScriptUtils..cctor",5,5,0.99,0.99,
"Caller","[coreclr.dll]","Newtonsoft.Json.Utilities.JavaScriptUtils.GetCharEscapeFlags",7,1,1.39,0.20,
"Caller","[coreclr.dll]","Newtonsoft.Json.Utilities.ReflectionUtils.GetAttribute",1,1,0.20,0.20,
"Caller","[coreclr.dll]","Newtonsoft.Json.Utilities.ReflectionUtils.GetDefaultConstructor",1,1,0.20,0.20,
"Caller","[coreclr.dll]","Newtonsoft.Json.Utilities.ReflectionUtils.IsNullable",1,0,0.20,0.00,
"Caller","[coreclr.dll]","Newtonsoft.Json.Utilities.ThreadSafeStore`2[Newtonsoft.Json.Utilities.ConvertUtils+TypeConvertKey,System.__Canon]..ctor",1,1,0.20,0.20,
"Caller","[coreclr.dll]","Newtonsoft.Json.Utilities.ThreadSafeStore`2[Newtonsoft.Json.Utilities.TypeNameKey,System.__Canon]..ctor",1,1,0.20,0.20,
"Caller","[coreclr.dll]","Newtonsoft.Json.Utilities.ThreadSafeStore`2[System.__Canon,System.__Canon].AddValue",3,3,0.59,0.59,
"Callee","[coreclr.dll]","Newtonsoft.Json.JsonWriter..cctor",6,0,1.19,0.00,
"Callee","[coreclr.dll]","Newtonsoft.Json.Serialization.CachedAttributeGetter`1[System.__Canon]..cctor",1,0,0.20,0.00,
"Callee","[coreclr.dll]","Newtonsoft.Json.Serialization.DefaultContractResolver..cctor",1,0,0.20,0.00,
"Callee","[coreclr.dll]","Newtonsoft.Json.Serialization.DefaultSerializationBinder..cctor",3,0,0.59,0.00,
"Callee","[coreclr.dll]","Newtonsoft.Json.Serialization.JsonPrimitiveContract..cctor",3,0,0.59,0.00,
"Callee","[coreclr.dll]","Newtonsoft.Json.Utilities.ConvertUtils..cctor",5,0,0.99,0.00,
"Callee","[coreclr.dll]","Newtonsoft.Json.Utilities.JavaScriptUtils..cctor",6,0,1.19,0.00,
"Callee","[coreclr.dll]","Newtonsoft.Json.Utilities.ReflectionUtils..cctor",1,0,0.20,0.00,
"Root","[System.Linq.dll]","[System.Linq.dll]",2,2,0.40,0.40,
"Caller","[System.Linq.dll]","Newtonsoft.Json.Serialization.DefaultContractResolver.InitializeContract",1,1,0.20,0.20,
"Caller","[System.Linq.dll]","Newtonsoft.Json.Utilities.TypeExtensions.GetFieldsRecursive",1,1,0.20,0.20,
"Root","[System.Private.CoreLib.dll]","[System.Private.CoreLib.dll]",93,93,18.42,18.42,
"Caller","[System.Private.CoreLib.dll]","Newtonsoft.Json.Linq.JObject+<GetEnumerator>d__58.MoveNext",11,11,2.18,2.18,
"Caller","[System.Private.CoreLib.dll]","Newtonsoft.Json.Linq.JPropertyKeyedCollection.InsertItem",1,1,0.20,0.20,
"Caller","[System.Private.CoreLib.dll]","Newtonsoft.Json.Linq.JsonPath.ArrayIndexFilter+<ExecuteFilter>d__4.MoveNext",1,1,0.20,0.20,
"Caller","[System.Private.CoreLib.dll]","Newtonsoft.Json.Linq.JsonPath.FieldFilter+<ExecuteFilter>d__4.MoveNext",1,1,0.20,0.20,
"Caller","[System.Private.CoreLib.dll]","Newtonsoft.Json.Linq.JsonPath.JPath.Evaluate",18,18,3.56,3.56,
"Caller","[System.Private.CoreLib.dll]","Newtonsoft.Json.Linq.JsonPath.JPath.ParsePath",58,58,11.49,11.49,
"Caller","[System.Private.CoreLib.dll]","Newtonsoft.Json.Serialization.DefaultContractResolver.IsValidCallback",1,1,0.20,0.20,
"Caller","[System.Private.CoreLib.dll]","Newtonsoft.Json.Utilities.ExpressionReflectionDelegateFactory.CreateDefaultConstructor",1,1,0.20,0.20,
"Caller","[System.Private.CoreLib.dll]","Newtonsoft.Json.Utilities.JavaScriptUtils..cctor",1,1,0.20,0.20,
"Root","Newtonsoft.Json.JsonReader.Pop","Newtonsoft.Json.JsonReader.Pop",1,0,0.20,0.00,
"Caller","Newtonsoft.Json.JsonReader.Pop","Newtonsoft.Json.JsonReader.ValidateEnd",1,0,0.20,0.00,
"Callee","Newtonsoft.Json.JsonReader.Pop","[coreclr.dll]",1,1,0.20,0.20,
"Root","Newtonsoft.Json.JsonReader.Push","Newtonsoft.Json.JsonReader.Push",1,0,0.20,0.00,
"Caller","Newtonsoft.Json.JsonReader.Push","Newtonsoft.Json.JsonTextReader.ParseValue",1,0,0.20,0.00,
"Callee","Newtonsoft.Json.JsonReader.Push","[coreclr.dll]",1,1,0.20,0.20,
"Root","Newtonsoft.Json.JsonReader.ValidateEnd","Newtonsoft.Json.JsonReader.ValidateEnd",1,0,0.20,0.00,
"Caller","Newtonsoft.Json.JsonReader.ValidateEnd","Newtonsoft.Json.JsonTextReader.ParseValue",1,0,0.20,0.00,
"Callee","Newtonsoft.Json.JsonReader.ValidateEnd","Newtonsoft.Json.JsonReader.Pop",1,0,0.20,0.00,
"Root","Newtonsoft.Json.JsonSerializer..ctor","Newtonsoft.Json.JsonSerializer..ctor",4,0,0.79,0.00,
"Caller","Newtonsoft.Json.JsonSerializer..ctor","Newtonsoft.Json.JsonSerializer.Create",4,0,0.79,0.00,
"Callee","Newtonsoft.Json.JsonSerializer..ctor","[coreclr.dll]",4,0,0.79,0.00,
"Root","Newtonsoft.Json.JsonSerializer.Create","Newtonsoft.Json.JsonSerializer.Create",4,0,0.79,0.00,
"Callee","Newtonsoft.Json.JsonSerializer.Create","Newtonsoft.Json.JsonSerializer..ctor",4,0,0.79,0.00,
"Root","Newtonsoft.Json.JsonSerializer.GetMatchingConverter","Newtonsoft.Json.JsonSerializer.GetMatchingConverter",3,0,0.59,0.00,
"Caller","Newtonsoft.Json.JsonSerializer.GetMatchingConverter","Newtonsoft.Json.Serialization.DefaultContractResolver.InitializeContract",3,0,0.59,0.00,
"Callee","Newtonsoft.Json.JsonSerializer.GetMatchingConverter","[coreclr.dll]",3,3,0.59,0.59,
"Root","Newtonsoft.Json.JsonSerializer.SerializeInternal","Newtonsoft.Json.JsonSerializer.SerializeInternal",66,0,13.07,0.00,
"Caller","Newtonsoft.Json.JsonSerializer.SerializeInternal","Newtonsoft.Json.Linq.JToken.FromObjectInternal",66,0,13.07,0.00,
"Callee","Newtonsoft.Json.JsonSerializer.SerializeInternal","[coreclr.dll]",1,1,0.20,0.20,
"Callee","Newtonsoft.Json.JsonSerializer.SerializeInternal","Newtonsoft.Json.Serialization.JsonSerializerInternalWriter.Serialize",65,0,12.87,0.00,
"Root","Newtonsoft.Json.JsonTextReader.MatchValueWithTrailingSeparator","Newtonsoft.Json.JsonTextReader.MatchValueWithTrailingSeparator",1,0,0.20,0.00,
"Caller","Newtonsoft.Json.JsonTextReader.MatchValueWithTrailingSeparator","Newtonsoft.Json.JsonTextReader.ParseNull",1,0,0.20,0.00,
"Callee","Newtonsoft.Json.JsonTextReader.MatchValueWithTrailingSeparator","[coreclr.dll]",1,1,0.20,0.20,
"Root","Newtonsoft.Json.JsonTextReader.ParseNull","Newtonsoft.Json.JsonTextReader.ParseNull",2,0,0.40,0.00,
"Caller","Newtonsoft.Json.JsonTextReader.ParseNull","Newtonsoft.Json.JsonTextReader.ParseValue",2,0,0.40,0.00,
"Callee","Newtonsoft.Json.JsonTextReader.ParseNull","[coreclr.dll]",1,1,0.20,0.20,
"Callee","Newtonsoft.Json.JsonTextReader.ParseNull","Newtonsoft.Json.JsonTextReader.MatchValueWithTrailingSeparator",1,0,0.20,0.00,
"Root","Newtonsoft.Json.JsonTextReader.ParseNumber","Newtonsoft.Json.JsonTextReader.ParseNumber",1,0,0.20,0.00,
"Caller","Newtonsoft.Json.JsonTextReader.ParseNumber","Newtonsoft.Json.JsonTextReader.ParseValue",1,0,0.20,0.00,
"Callee","Newtonsoft.Json.JsonTextReader.ParseNumber","Newtonsoft.Json.JsonTextReader.ReadNumberIntoBuffer",1,0,0.20,0.00,
"Root","Newtonsoft.Json.JsonTextReader.ParseObject","Newtonsoft.Json.JsonTextReader.ParseObject",1,0,0.20,0.00,
"Caller","Newtonsoft.Json.JsonTextReader.ParseObject","Newtonsoft.Json.Linq.JContainer.ReadContentFrom",1,0,0.20,0.00,
"Callee","Newtonsoft.Json.JsonTextReader.ParseObject","[coreclr.dll]",1,1,0.20,0.20,
"Root","Newtonsoft.Json.JsonTextReader.ParsePostValue","Newtonsoft.Json.JsonTextReader.ParsePostValue",1,0,0.20,0.00,
"Caller","Newtonsoft.Json.JsonTextReader.ParsePostValue","Newtonsoft.Json.JsonTextReader.Read",1,0,0.20,0.00,
"Callee","Newtonsoft.Json.JsonTextReader.ParsePostValue","[coreclr.dll]",1,1,0.20,0.20,
"Root","Newtonsoft.Json.JsonTextReader.ParseProperty","Newtonsoft.Json.JsonTextReader.ParseProperty",5,0,0.99,0.00,
"Caller","Newtonsoft.Json.JsonTextReader.ParseProperty","Newtonsoft.Json.Linq.JContainer.ReadTokenFrom",5,0,0.99,0.00,
"Callee","Newtonsoft.Json.JsonTextReader.ParseProperty","[coreclr.dll]",5,5,0.99,0.99,
"Root","Newtonsoft.Json.JsonTextReader.ParseReadString","Newtonsoft.Json.JsonTextReader.ParseReadString",1,0,0.20,0.00,
"Caller","Newtonsoft.Json.JsonTextReader.ParseReadString","Newtonsoft.Json.JsonTextReader.ParseValue",1,0,0.20,0.00,
"Callee","Newtonsoft.Json.JsonTextReader.ParseReadString","Newtonsoft.Json.Utilities.DateTimeUtils.TryParseDateTime",1,0,0.20,0.00,
"Root","Newtonsoft.Json.JsonTextReader.ParseValue","Newtonsoft.Json.JsonTextReader.ParseValue",17,0,3.37,0.00,
"Caller","Newtonsoft.Json.JsonTextReader.ParseValue","Newtonsoft.Json.Linq.JContainer.ReadContentFrom",14,0,2.77,0.00,
"Caller","Newtonsoft.Json.JsonTextReader.ParseValue","Newtonsoft.Json.Linq.JObject.Load",3,0,0.59,0.00,
"Callee","Newtonsoft.Json.JsonTextReader.ParseValue","[coreclr.dll]",9,9,1.78,1.78,
"Callee","Newtonsoft.Json.JsonTextReader.ParseValue","Newtonsoft.Json.JsonReader.Push",1,0,0.20,0.00,
"Callee","Newtonsoft.Json.JsonTextReader.ParseValue","Newtonsoft.Json.JsonReader.ValidateEnd",1,0,0.20,0.00,
"Callee","Newtonsoft.Json.JsonTextReader.ParseValue","Newtonsoft.Json.JsonTextReader.ParseNull",2,0,0.40,0.00,
"Callee","Newtonsoft.Json.JsonTextReader.ParseValue","Newtonsoft.Json.JsonTextReader.ParseNumber",1,0,0.20,0.00,
"Callee","Newtonsoft.Json.JsonTextReader.ParseValue","Newtonsoft.Json.JsonTextReader.ParseReadString",1,0,0.20,0.00,
"Callee","Newtonsoft.Json.JsonTextReader.ParseValue","Newtonsoft.Json.JsonTextReader.ReadData",1,0,0.20,0.00,
"Callee","Newtonsoft.Json.JsonTextReader.ParseValue","Newtonsoft.Json.JsonTextReader.ReadStringIntoBuffer",1,0,0.20,0.00,
"Root","Newtonsoft.Json.JsonTextReader.Read","Newtonsoft.Json.JsonTextReader.Read",2,0,0.40,0.00,
"Caller","Newtonsoft.Json.JsonTextReader.Read","Newtonsoft.Json.Linq.JContainer.ReadContentFrom",2,0,0.40,0.00,
"Callee","Newtonsoft.Json.JsonTextReader.Read","[coreclr.dll]",1,1,0.20,0.20,
"Callee","Newtonsoft.Json.JsonTextReader.Read","Newtonsoft.Json.JsonTextReader.ParsePostValue",1,0,0.20,0.00,
"Root","Newtonsoft.Json.JsonTextReader.ReadData","Newtonsoft.Json.JsonTextReader.ReadData",1,0,0.20,0.00,
"Caller","Newtonsoft.Json.JsonTextReader.ReadData","Newtonsoft.Json.JsonTextReader.ParseValue",1,0,0.20,0.00,
"Callee","Newtonsoft.Json.JsonTextReader.ReadData","[coreclr.dll]",1,1,0.20,0.20,
"Root","Newtonsoft.Json.JsonTextReader.ReadNumberIntoBuffer","Newtonsoft.Json.JsonTextReader.ReadNumberIntoBuffer",1,0,0.20,0.00,
"Caller","Newtonsoft.Json.JsonTextReader.ReadNumberIntoBuffer","Newtonsoft.Json.JsonTextReader.ParseNumber",1,0,0.20,0.00,
"Callee","Newtonsoft.Json.JsonTextReader.ReadNumberIntoBuffer","[coreclr.dll]",1,1,0.20,0.20,
"Root","Newtonsoft.Json.JsonTextReader.ReadStringIntoBuffer","Newtonsoft.Json.JsonTextReader.ReadStringIntoBuffer",1,0,0.20,0.00,
"Caller","Newtonsoft.Json.JsonTextReader.ReadStringIntoBuffer","Newtonsoft.Json.JsonTextReader.ParseValue",1,0,0.20,0.00,
"Callee","Newtonsoft.Json.JsonTextReader.ReadStringIntoBuffer","[coreclr.dll]",1,1,0.20,0.20,
"Root","Newtonsoft.Json.JsonTextWriter..ctor","Newtonsoft.Json.JsonTextWriter..ctor",7,0,1.39,0.00,
"Caller","Newtonsoft.Json.JsonTextWriter..ctor","Newtonsoft.Json.Linq.JToken.ToString",7,0,1.39,0.00,
"Callee","Newtonsoft.Json.JsonTextWriter..ctor","Newtonsoft.Json.Utilities.JavaScriptUtils.GetCharEscapeFlags",7,0,1.39,0.00,
"Root","Newtonsoft.Json.JsonTextWriter.WriteEscapedString","Newtonsoft.Json.JsonTextWriter.WriteEscapedString",2,0,0.40,0.00,
"Caller","Newtonsoft.Json.JsonTextWriter.WriteEscapedString","Newtonsoft.Json.JsonTextWriter.WritePropertyName",2,0,0.40,0.00,
"Callee","Newtonsoft.Json.JsonTextWriter.WriteEscapedString","[coreclr.dll]",2,2,0.40,0.40,
"Root","Newtonsoft.Json.JsonTextWriter.WritePropertyName","Newtonsoft.Json.JsonTextWriter.WritePropertyName",3,0,0.59,0.00,
"Caller","Newtonsoft.Json.JsonTextWriter.WritePropertyName","Newtonsoft.Json.Linq.JProperty.WriteTo",3,0,0.59,0.00,
"Callee","Newtonsoft.Json.JsonTextWriter.WritePropertyName","Newtonsoft.Json.JsonTextWriter.WriteEscapedString",2,0,0.40,0.00,
"Callee","Newtonsoft.Json.JsonTextWriter.WritePropertyName","Newtonsoft.Json.JsonWriter.AutoComplete",1,0,0.20,0.00,
"Root","Newtonsoft.Json.JsonTextWriter.WriteStartObject","Newtonsoft.Json.JsonTextWriter.WriteStartObject",1,0,0.20,0.00,
"Caller","Newtonsoft.Json.JsonTextWriter.WriteStartObject","Newtonsoft.Json.Linq.JObject.WriteTo",1,0,0.20,0.00,
"Callee","Newtonsoft.Json.JsonTextWriter.WriteStartObject","[coreclr.dll]",1,1,0.20,0.20,
"Root","Newtonsoft.Json.JsonWriter..cctor","Newtonsoft.Json.JsonWriter..cctor",6,0,1.19,0.00,
"Caller","Newtonsoft.Json.JsonWriter..cctor","[coreclr.dll]",6,0,1.19,0.00,
"Callee","Newtonsoft.Json.JsonWriter..cctor","[coreclr.dll]",1,1,0.20,0.20,
"Callee","Newtonsoft.Json.JsonWriter..cctor","Newtonsoft.Json.JsonWriter.BuildStateArray",5,0,0.99,0.00,
"Root","Newtonsoft.Json.JsonWriter..ctor","Newtonsoft.Json.JsonWriter..ctor",6,0,1.19,0.00,
"Caller","Newtonsoft.Json.JsonWriter..ctor","Newtonsoft.Json.Linq.JToken.FromObjectInternal",6,0,1.19,0.00,
"Callee","Newtonsoft.Json.JsonWriter..ctor","[coreclr.dll]",6,0,1.19,0.00,
"Root","Newtonsoft.Json.JsonWriter.AutoComplete","Newtonsoft.Json.JsonWriter.AutoComplete",1,0,0.20,0.00,
"Caller","Newtonsoft.Json.JsonWriter.AutoComplete","Newtonsoft.Json.JsonTextWriter.WritePropertyName",1,0,0.20,0.00,
"Callee","Newtonsoft.Json.JsonWriter.AutoComplete","[coreclr.dll]",1,1,0.20,0.20,
"Root","Newtonsoft.Json.JsonWriter.AutoCompleteAll","Newtonsoft.Json.JsonWriter.AutoCompleteAll",1,0,0.20,0.00,
"Caller","Newtonsoft.Json.JsonWriter.AutoCompleteAll","Newtonsoft.Json.Linq.JToken.FromObjectInternal",1,0,0.20,0.00,
"Callee","Newtonsoft.Json.JsonWriter.AutoCompleteAll","[coreclr.dll]",1,1,0.20,0.20,
"Root","Newtonsoft.Json.JsonWriter.AutoCompleteClose","Newtonsoft.Json.JsonWriter.AutoCompleteClose",2,0,0.40,0.00,
"Caller","Newtonsoft.Json.JsonWriter.AutoCompleteClose","Newtonsoft.Json.Linq.JObject.WriteTo",2,0,0.40,0.00,
"Callee","Newtonsoft.Json.JsonWriter.AutoCompleteClose","[coreclr.dll]",2,2,0.40,0.40,
"Root","Newtonsoft.Json.JsonWriter.BuildStateArray","Newtonsoft.Json.JsonWriter.BuildStateArray",5,0,0.99,0.00,
"Caller","Newtonsoft.Json.JsonWriter.BuildStateArray","Newtonsoft.Json.JsonWriter..cctor",5,0,0.99,0.00,
"Callee","Newtonsoft.Json.JsonWriter.BuildStateArray","[coreclr.dll]",3,3,0.59,0.59,
"Callee","Newtonsoft.Json.JsonWriter.BuildStateArray","Newtonsoft.Json.Utilities.EnumUtils.GetValues",2,0,0.40,0.00,
"Root","Newtonsoft.Json.JsonWriter.WriteValue","Newtonsoft.Json.JsonWriter.WriteValue",1,0,0.20,0.00,
"Caller","Newtonsoft.Json.JsonWriter.WriteValue","Newtonsoft.Json.Serialization.JsonSerializerInternalWriter.Serialize",1,0,0.20,0.00,
"Callee","Newtonsoft.Json.JsonWriter.WriteValue","Newtonsoft.Json.Linq.JTokenWriter.WriteValue",1,0,0.20,0.00,
"Root","Newtonsoft.Json.Linq.Extensions+<Convert>d__14`2[System.__Canon,System.__Canon].MoveNext","Newtonsoft.Json.Linq.Extensions+<Convert>d__14`2[System.__Canon,System.__Canon].MoveNext",1,0,0.20,0.00,
"Callee","Newtonsoft.Json.Linq.Extensions+<Convert>d__14`2[System.__Canon,System.__Canon].MoveNext","[coreclr.dll]",1,1,0.20,0.20,
"Root","Newtonsoft.Json.Linq.JArray.GetEnumerator","Newtonsoft.Json.Linq.JArray.GetEnumerator",1,0,0.20,0.00,
"Caller","Newtonsoft.Json.Linq.JArray.GetEnumerator","Newtonsoft.Json.Linq.JsonPath.ArrayIndexFilter+<ExecuteFilter>d__4.MoveNext",1,0,0.20,0.00,
"Callee","Newtonsoft.Json.Linq.JArray.GetEnumerator","Newtonsoft.Json.Linq.JContainer.Children",1,1,0.20,0.20,
"Root","Newtonsoft.Json.Linq.JContainer..ctor","Newtonsoft.Json.Linq.JContainer..ctor",1,0,0.20,0.00,
"Caller","Newtonsoft.Json.Linq.JContainer..ctor","Newtonsoft.Json.Linq.JObject.CloneToken",1,0,0.20,0.00,
"Caller","Newtonsoft.Json.Linq.JContainer..ctor","Newtonsoft.Json.Linq.JProperty..ctor",1,0,0.20,0.00,
"Callee","Newtonsoft.Json.Linq.JContainer..ctor","[coreclr.dll]",1,1,0.20,0.20,
"Callee","Newtonsoft.Json.Linq.JContainer..ctor","Newtonsoft.Json.Linq.JContainer.InsertItem",1,0,0.20,0.00,
"Root","Newtonsoft.Json.Linq.JContainer.Children","Newtonsoft.Json.Linq.JContainer.Children",1,1,0.20,0.20,
"Caller","Newtonsoft.Json.Linq.JContainer.Children","Newtonsoft.Json.Linq.JArray.GetEnumerator",1,1,0.20,0.20,
"Root","Newtonsoft.Json.Linq.JContainer.EnsureParentToken","Newtonsoft.Json.Linq.JContainer.EnsureParentToken",3,0,0.59,0.00,
"Caller","Newtonsoft.Json.Linq.JContainer.EnsureParentToken","Newtonsoft.Json.Linq.JContainer.InsertItem",3,0,0.59,0.00,
"Callee","Newtonsoft.Json.Linq.JContainer.EnsureParentToken","[coreclr.dll]",1,1,0.20,0.20,
"Callee","Newtonsoft.Json.Linq.JContainer.EnsureParentToken","Newtonsoft.Json.Linq.JObject.CloneToken",2,0,0.40,0.00,
"Callee","Newtonsoft.Json.Linq.JContainer.EnsureParentToken","Newtonsoft.Json.Linq.JProperty.CloneToken",1,0,0.20,0.00,
"Root","Newtonsoft.Json.Linq.JContainer.get_First","Newtonsoft.Json.Linq.JContainer.get_First",1,1,0.20,0.20,
"Caller","Newtonsoft.Json.Linq.JContainer.get_First","Newtonsoft.Json.Linq.JsonPath.PathFilter.GetNextScanValue",1,1,0.20,0.20,
"Root","Newtonsoft.Json.Linq.JContainer.InsertItem","Newtonsoft.Json.Linq.JContainer.InsertItem",7,0,1.39,0.00,
"Caller","Newtonsoft.Json.Linq.JContainer.InsertItem","Newtonsoft.Json.Linq.JContainer..ctor",1,0,0.20,0.00,
"Caller","Newtonsoft.Json.Linq.JContainer.InsertItem","Newtonsoft.Json.Linq.JContainer.ReadContentFrom",5,0,0.99,0.00,
"Callee","Newtonsoft.Json.Linq.JContainer.InsertItem","[coreclr.dll]",2,2,0.40,0.40,
"Callee","Newtonsoft.Json.Linq.JContainer.InsertItem","Newtonsoft.Json.Linq.JContainer.EnsureParentToken",3,0,0.59,0.00,
"Callee","Newtonsoft.Json.Linq.JContainer.InsertItem","Newtonsoft.Json.Linq.JPropertyKeyedCollection.InsertItem",2,1,0.40,0.20,
"Root","Newtonsoft.Json.Linq.JContainer.ReadContentFrom","Newtonsoft.Json.Linq.JContainer.ReadContentFrom",29,0,5.74,0.00,
"Caller","Newtonsoft.Json.Linq.JContainer.ReadContentFrom","Newtonsoft.Json.Linq.JContainer.ReadTokenFrom",29,0,5.74,0.00,
"Callee","Newtonsoft.Json.Linq.JContainer.ReadContentFrom","[coreclr.dll]",7,7,1.39,1.39,
"Callee","Newtonsoft.Json.Linq.JContainer.ReadContentFrom","Newtonsoft.Json.JsonTextReader.ParseObject",1,0,0.20,0.00,
"Callee","Newtonsoft.Json.Linq.JContainer.ReadContentFrom","Newtonsoft.Json.JsonTextReader.ParseValue",14,0,2.77,0.00,
"Callee","Newtonsoft.Json.Linq.JContainer.ReadContentFrom","Newtonsoft.Json.JsonTextReader.Read",2,0,0.40,0.00,
"Callee","Newtonsoft.Json.Linq.JContainer.ReadContentFrom","Newtonsoft.Json.Linq.JContainer.InsertItem",5,0,0.99,0.00,
"Root","Newtonsoft.Json.Linq.JContainer.ReadTokenFrom","Newtonsoft.Json.Linq.JContainer.ReadTokenFrom",38,0,7.52,0.00,
"Caller","Newtonsoft.Json.Linq.JContainer.ReadTokenFrom","Newtonsoft.Json.Linq.JObject.Load",38,0,7.52,0.00,
"Callee","Newtonsoft.Json.Linq.JContainer.ReadTokenFrom","[coreclr.dll]",4,4,0.79,0.79,
"Callee","Newtonsoft.Json.Linq.JContainer.ReadTokenFrom","Newtonsoft.Json.JsonTextReader.ParseProperty",5,0,0.99,0.00,
"Callee","Newtonsoft.Json.Linq.JContainer.ReadTokenFrom","Newtonsoft.Json.Linq.JContainer.ReadContentFrom",29,0,5.74,0.00,
"Root","Newtonsoft.Json.Linq.JContainer.RemoveItem","Newtonsoft.Json.Linq.JContainer.RemoveItem",1,0,0.20,0.00,
"Caller","Newtonsoft.Json.Linq.JContainer.RemoveItem","Newtonsoft.Json.Linq.JToken.Remove",1,0,0.20,0.00,
"Callee","Newtonsoft.Json.Linq.JContainer.RemoveItem","[coreclr.dll]",1,1,0.20,0.20,
"Root","Newtonsoft.Json.Linq.JObject.CloneToken","Newtonsoft.Json.Linq.JObject.CloneToken",2,0,0.40,0.00,
"Caller","Newtonsoft.Json.Linq.JObject.CloneToken","Newtonsoft.Json.Linq.JContainer.EnsureParentToken",2,0,0.40,0.00,
"Callee","Newtonsoft.Json.Linq.JObject.CloneToken","[coreclr.dll]",1,1,0.20,0.20,
"Callee","Newtonsoft.Json.Linq.JObject.CloneToken","Newtonsoft.Json.Linq.JContainer..ctor",1,0,0.20,0.00,
"Root","Newtonsoft.Json.Linq.JObject.Load","Newtonsoft.Json.Linq.JObject.Load",51,0,10.10,0.00,
"Caller","Newtonsoft.Json.Linq.JObject.Load","Newtonsoft.Json.Linq.JObject.Parse",51,0,10.10,0.00,
"Callee","Newtonsoft.Json.Linq.JObject.Load","[coreclr.dll]",10,10,1.98,1.98,
"Callee","Newtonsoft.Json.Linq.JObject.Load","Newtonsoft.Json.JsonTextReader.ParseValue",3,0,0.59,0.00,
"Callee","Newtonsoft.Json.Linq.JObject.Load","Newtonsoft.Json.Linq.JContainer.ReadTokenFrom",38,0,7.52,0.00,
"Root","Newtonsoft.Json.Linq.JObject.Parse","Newtonsoft.Json.Linq.JObject.Parse",57,0,11.29,0.00,
"Callee","Newtonsoft.Json.Linq.JObject.Parse","[coreclr.dll]",6,6,1.19,1.19,
"Callee","Newtonsoft.Json.Linq.JObject.Parse","Newtonsoft.Json.Linq.JObject.Load",51,0,10.10,0.00,
"Root","Newtonsoft.Json.Linq.JObject.WriteTo","Newtonsoft.Json.Linq.JObject.WriteTo",9,0,1.78,0.00,
"Caller","Newtonsoft.Json.Linq.JObject.WriteTo","Newtonsoft.Json.Linq.JObject.WriteTo",3,0,0.59,0.00,
"Caller","Newtonsoft.Json.Linq.JObject.WriteTo","Newtonsoft.Json.Linq.JToken.ToString",9,0,1.78,0.00,
"Callee","Newtonsoft.Json.Linq.JObject.WriteTo","[coreclr.dll]",2,2,0.40,0.40,
"Callee","Newtonsoft.Json.Linq.JObject.WriteTo","Newtonsoft.Json.JsonTextWriter.WriteStartObject",1,0,0.20,0.00,
"Callee","Newtonsoft.Json.Linq.JObject.WriteTo","Newtonsoft.Json.JsonWriter.AutoCompleteClose",2,0,0.40,0.00,
"Callee","Newtonsoft.Json.Linq.JObject.WriteTo","Newtonsoft.Json.Linq.JObject.WriteTo",3,0,0.59,0.00,
"Callee","Newtonsoft.Json.Linq.JObject.WriteTo","Newtonsoft.Json.Linq.JProperty.WriteTo",3,0,0.59,0.00,
"Callee","Newtonsoft.Json.Linq.JObject.WriteTo","Newtonsoft.Json.Linq.JValue.WriteTo",1,0,0.20,0.00,
"Root","Newtonsoft.Json.Linq.JObject+<GetEnumerator>d__58.MoveNext","Newtonsoft.Json.Linq.JObject+<GetEnumerator>d__58.MoveNext",26,12,5.15,2.38,
"Caller","Newtonsoft.Json.Linq.JObject+<GetEnumerator>d__58.MoveNext","Newtonsoft.Json.Linq.JsonPath.FieldFilter+<ExecuteFilter>d__4.MoveNext",26,12,5.15,2.38,
"Callee","Newtonsoft.Json.Linq.JObject+<GetEnumerator>d__58.MoveNext","[coreclr.dll]",3,3,0.59,0.59,
"Callee","Newtonsoft.Json.Linq.JObject+<GetEnumerator>d__58.MoveNext","[System.Private.CoreLib.dll]",11,11,2.18,2.18,
"Root","Newtonsoft.Json.Linq.JObject+<GetEnumerator>d__58.System.Collections.Generic.IEnumerator<System.Collections.Generic.KeyValuePair<System.String,Newtonsoft.Json.Linq.JToken>>.get_Current","Newtonsoft.Json.Linq.JObject+<GetEnumerator>d__58.System.Collections.Generic.IEnumerator<System.Collections.Generic.KeyValuePair<System.String,Newtonsoft.Json.Linq.JToken>>.get_Current",3,1,0.59,0.20,
"Caller","Newtonsoft.Json.Linq.JObject+<GetEnumerator>d__58.System.Collections.Generic.IEnumerator<System.Collections.Generic.KeyValuePair<System.String,Newtonsoft.Json.Linq.JToken>>.get_Current","Newtonsoft.Json.Linq.JsonPath.FieldFilter+<ExecuteFilter>d__4.MoveNext",3,1,0.59,0.20,
"Callee","Newtonsoft.Json.Linq.JObject+<GetEnumerator>d__58.System.Collections.Generic.IEnumerator<System.Collections.Generic.KeyValuePair<System.String,Newtonsoft.Json.Linq.JToken>>.get_Current","[coreclr.dll]",2,2,0.40,0.40,
"Root","Newtonsoft.Json.Linq.JProperty..ctor","Newtonsoft.Json.Linq.JProperty..ctor",1,0,0.20,0.00,
"Caller","Newtonsoft.Json.Linq.JProperty..ctor","Newtonsoft.Json.Linq.JProperty.CloneToken",1,0,0.20,0.00,
"Callee","Newtonsoft.Json.Linq.JProperty..ctor","Newtonsoft.Json.Linq.JContainer..ctor",1,0,0.20,0.00,
"Root","Newtonsoft.Json.Linq.JProperty.CloneToken","Newtonsoft.Json.Linq.JProperty.CloneToken",1,0,0.20,0.00,
"Caller","Newtonsoft.Json.Linq.JProperty.CloneToken","Newtonsoft.Json.Linq.JContainer.EnsureParentToken",1,0,0.20,0.00,
"Callee","Newtonsoft.Json.Linq.JProperty.CloneToken","Newtonsoft.Json.Linq.JProperty..ctor",1,0,0.20,0.00,
"Root","Newtonsoft.Json.Linq.JProperty.SetItem","Newtonsoft.Json.Linq.JProperty.SetItem",1,0,0.20,0.00,
"Callee","Newtonsoft.Json.Linq.JProperty.SetItem","[coreclr.dll]",1,1,0.20,0.20,
"Root","Newtonsoft.Json.Linq.JProperty.WriteTo","Newtonsoft.Json.Linq.JProperty.WriteTo",3,0,0.59,0.00,
"Caller","Newtonsoft.Json.Linq.JProperty.WriteTo","Newtonsoft.Json.Linq.JObject.WriteTo",3,0,0.59,0.00,
"Callee","Newtonsoft.Json.Linq.JProperty.WriteTo","Newtonsoft.Json.JsonTextWriter.WritePropertyName",3,0,0.59,0.00,
"Root","Newtonsoft.Json.Linq.JPropertyKeyedCollection.InsertItem","Newtonsoft.Json.Linq.JPropertyKeyedCollection.InsertItem",2,1,0.40,0.20,
"Caller","Newtonsoft.Json.Linq.JPropertyKeyedCollection.InsertItem","Newtonsoft.Json.Linq.JContainer.InsertItem",2,1,0.40,0.20,
"Callee","Newtonsoft.Json.Linq.JPropertyKeyedCollection.InsertItem","[System.Private.CoreLib.dll]",1,1,0.20,0.20,
"Root","Newtonsoft.Json.Linq.JsonPath.ArrayIndexFilter.ExecuteFilter","Newtonsoft.Json.Linq.JsonPath.ArrayIndexFilter.ExecuteFilter",14,6,2.77,1.19,
"Caller","Newtonsoft.Json.Linq.JsonPath.ArrayIndexFilter.ExecuteFilter","Newtonsoft.Json.Linq.JsonPath.JPath.Evaluate",14,6,2.77,1.19,
"Callee","Newtonsoft.Json.Linq.JsonPath.ArrayIndexFilter.ExecuteFilter","[coreclr.dll]",8,8,1.58,1.58,
"Root","Newtonsoft.Json.Linq.JsonPath.ArrayIndexFilter+<ExecuteFilter>d__4.MoveNext","Newtonsoft.Json.Linq.JsonPath.ArrayIndexFilter+<ExecuteFilter>d__4.MoveNext",84,10,16.63,1.98,
"Caller","Newtonsoft.Json.Linq.JsonPath.ArrayIndexFilter+<ExecuteFilter>d__4.MoveNext","Newtonsoft.Json.Linq.JsonPath.ArrayIndexFilter+<ExecuteFilter>d__4.MoveNext",28,2,5.54,0.40,
"Caller","Newtonsoft.Json.Linq.JsonPath.ArrayIndexFilter+<ExecuteFilter>d__4.MoveNext","Newtonsoft.Json.Linq.JsonPath.FieldFilter+<ExecuteFilter>d__4.MoveNext",62,3,12.28,0.59,
"Caller","Newtonsoft.Json.Linq.JsonPath.ArrayIndexFilter+<ExecuteFilter>d__4.MoveNext","Newtonsoft.Json.Linq.JsonPath.ScanFilter+<ExecuteFilter>d__4.MoveNext",60,5,11.88,0.99,
"Callee","Newtonsoft.Json.Linq.JsonPath.ArrayIndexFilter+<ExecuteFilter>d__4.MoveNext","[coreclr.dll]",9,9,1.78,1.78,
"Callee","Newtonsoft.Json.Linq.JsonPath.ArrayIndexFilter+<ExecuteFilter>d__4.MoveNext","[System.Private.CoreLib.dll]",1,1,0.20,0.20,
"Callee","Newtonsoft.Json.Linq.JsonPath.ArrayIndexFilter+<ExecuteFilter>d__4.MoveNext","Newtonsoft.Json.Linq.JArray.GetEnumerator",1,0,0.20,0.00,
"Callee","Newtonsoft.Json.Linq.JsonPath.ArrayIndexFilter+<ExecuteFilter>d__4.MoveNext","Newtonsoft.Json.Linq.JsonPath.ArrayIndexFilter+<ExecuteFilter>d__4.MoveNext",28,2,5.54,0.40,
"Callee","Newtonsoft.Json.Linq.JsonPath.ArrayIndexFilter+<ExecuteFilter>d__4.MoveNext","Newtonsoft.Json.Linq.JsonPath.FieldFilter+<ExecuteFilter>d__4.MoveNext",68,10,13.47,1.98,
"Callee","Newtonsoft.Json.Linq.JsonPath.ArrayIndexFilter+<ExecuteFilter>d__4.MoveNext","Newtonsoft.Json.Linq.JsonPath.FieldFilter+<ExecuteFilter>d__4.System.Collections.Generic.IEnumerable<Newtonsoft.Json.Linq.JToken>.GetEnumerator",1,1,0.20,0.20,
"Callee","Newtonsoft.Json.Linq.JsonPath.ArrayIndexFilter+<ExecuteFilter>d__4.MoveNext","Newtonsoft.Json.Linq.JsonPath.ScanFilter+<ExecuteFilter>d__4.MoveNext",27,4,5.35,0.79,
"Callee","Newtonsoft.Json.Linq.JsonPath.ArrayIndexFilter+<ExecuteFilter>d__4.MoveNext","Newtonsoft.Json.Linq.JsonPath.ScanFilter+<ExecuteFilter>d__4.System.Collections.Generic.IEnumerable<Newtonsoft.Json.Linq.JToken>.GetEnumerator",1,1,0.20,0.20,
"Root","Newtonsoft.Json.Linq.JsonPath.ArrayIndexFilter+<ExecuteFilter>d__4.System.Collections.Generic.IEnumerable<Newtonsoft.Json.Linq.JToken>.GetEnumerator","Newtonsoft.Json.Linq.JsonPath.ArrayIndexFilter+<ExecuteFilter>d__4.System.Collections.Generic.IEnumerable<Newtonsoft.Json.Linq.JToken>.GetEnumerator",4,3,0.79,0.59,
"Caller","Newtonsoft.Json.Linq.JsonPath.ArrayIndexFilter+<ExecuteFilter>d__4.System.Collections.Generic.IEnumerable<Newtonsoft.Json.Linq.JToken>.GetEnumerator","Newtonsoft.Json.Linq.JsonPath.FieldFilter+<ExecuteFilter>d__4.MoveNext",2,1,0.40,0.20,
"Caller","Newtonsoft.Json.Linq.JsonPath.ArrayIndexFilter+<ExecuteFilter>d__4.System.Collections.Generic.IEnumerable<Newtonsoft.Json.Linq.JToken>.GetEnumerator","Newtonsoft.Json.Linq.JsonPath.ScanFilter+<ExecuteFilter>d__4.MoveNext",2,2,0.40,0.40,
"Callee","Newtonsoft.Json.Linq.JsonPath.ArrayIndexFilter+<ExecuteFilter>d__4.System.Collections.Generic.IEnumerable<Newtonsoft.Json.Linq.JToken>.GetEnumerator","[coreclr.dll]",1,1,0.20,0.20,
"Root","Newtonsoft.Json.Linq.JsonPath.ArrayIndexFilter+<ExecuteFilter>d__4.System.IDisposable.Dispose","Newtonsoft.Json.Linq.JsonPath.ArrayIndexFilter+<ExecuteFilter>d__4.System.IDisposable.Dispose",1,1,0.20,0.20,
"Caller","Newtonsoft.Json.Linq.JsonPath.ArrayIndexFilter+<ExecuteFilter>d__4.System.IDisposable.Dispose","Newtonsoft.Json.Linq.JsonPath.ScanFilter+<ExecuteFilter>d__4.MoveNext",1,1,0.20,0.20,
"Root","Newtonsoft.Json.Linq.JsonPath.FieldFilter.ExecuteFilter","Newtonsoft.Json.Linq.JsonPath.FieldFilter.ExecuteFilter",16,4,3.17,0.79,
"Caller","Newtonsoft.Json.Linq.JsonPath.FieldFilter.ExecuteFilter","Newtonsoft.Json.Linq.JsonPath.JPath.Evaluate",16,4,3.17,0.79,
"Callee","Newtonsoft.Json.Linq.JsonPath.FieldFilter.ExecuteFilter","[coreclr.dll]",12,12,2.38,2.38,
"Root","Newtonsoft.Json.Linq.JsonPath.FieldFilter+<ExecuteFilter>d__4.MoveNext","Newtonsoft.Json.Linq.JsonPath.FieldFilter+<ExecuteFilter>d__4.MoveNext",103,18,20.40,3.56,
"Caller","Newtonsoft.Json.Linq.JsonPath.FieldFilter+<ExecuteFilter>d__4.MoveNext","Newtonsoft.Json.Linq.JsonPath.ArrayIndexFilter+<ExecuteFilter>d__4.MoveNext",68,10,13.47,1.98,
"Caller","Newtonsoft.Json.Linq.JsonPath.FieldFilter+<ExecuteFilter>d__4.MoveNext","Newtonsoft.Json.Linq.JsonPath.FieldFilter+<ExecuteFilter>d__4.MoveNext",88,5,17.43,0.99,
"Callee","Newtonsoft.Json.Linq.JsonPath.FieldFilter+<ExecuteFilter>d__4.MoveNext","[coreclr.dll]",15,15,2.97,2.97,
"Callee","Newtonsoft.Json.Linq.JsonPath.FieldFilter+<ExecuteFilter>d__4.MoveNext","[System.Private.CoreLib.dll]",1,1,0.20,0.20,
"Callee","Newtonsoft.Json.Linq.JsonPath.FieldFilter+<ExecuteFilter>d__4.MoveNext","Newtonsoft.Json.Linq.JObject+<GetEnumerator>d__58.MoveNext",26,12,5.15,2.38,
"Callee","Newtonsoft.Json.Linq.JsonPath.FieldFilter+<ExecuteFilter>d__4.MoveNext","Newtonsoft.Json.Linq.JObject+<GetEnumerator>d__58.System.Collections.Generic.IEnumerator<System.Collections.Generic.KeyValuePair<System.String,Newtonsoft.Json.Linq.JToken>>.get_Current",3,1,0.59,0.20,
"Callee","Newtonsoft.Json.Linq.JsonPath.FieldFilter+<ExecuteFilter>d__4.MoveNext","Newtonsoft.Json.Linq.JsonPath.ArrayIndexFilter+<ExecuteFilter>d__4.MoveNext",62,3,12.28,0.59,
"Callee","Newtonsoft.Json.Linq.JsonPath.FieldFilter+<ExecuteFilter>d__4.MoveNext","Newtonsoft.Json.Linq.JsonPath.ArrayIndexFilter+<ExecuteFilter>d__4.System.Collections.Generic.IEnumerable<Newtonsoft.Json.Linq.JToken>.GetEnumerator",2,1,0.40,0.20,
"Callee","Newtonsoft.Json.Linq.JsonPath.FieldFilter+<ExecuteFilter>d__4.MoveNext","Newtonsoft.Json.Linq.JsonPath.FieldFilter+<ExecuteFilter>d__4.MoveNext",88,5,17.43,0.99,
"Callee","Newtonsoft.Json.Linq.JsonPath.FieldFilter+<ExecuteFilter>d__4.MoveNext","Newtonsoft.Json.Linq.JsonPath.FieldFilter+<ExecuteFilter>d__4.System.Collections.Generic.IEnumerable<Newtonsoft.Json.Linq.JToken>.GetEnumerator",5,2,0.99,0.40,
"Callee","Newtonsoft.Json.Linq.JsonPath.FieldFilter+<ExecuteFilter>d__4.MoveNext","Newtonsoft.Json.Linq.JsonPath.ScanFilter+<ExecuteFilter>d__4.MoveNext",45,1,8.91,0.20,
"Callee","Newtonsoft.Json.Linq.JsonPath.FieldFilter+<ExecuteFilter>d__4.MoveNext","Newtonsoft.Json.Linq.JsonPath.ScanFilter+<ExecuteFilter>d__4.System.Collections.Generic.IEnumerable<Newtonsoft.Json.Linq.JToken>.GetEnumerator",1,1,0.20,0.20,
"Root","Newtonsoft.Json.Linq.JsonPath.FieldFilter+<ExecuteFilter>d__4.System.Collections.Generic.IEnumerable<Newtonsoft.Json.Linq.JToken>.GetEnumerator","Newtonsoft.Json.Linq.JsonPath.FieldFilter+<ExecuteFilter>d__4.System.Collections.Generic.IEnumerable<Newtonsoft.Json.Linq.JToken>.GetEnumerator",7,4,1.39,0.79,
"Caller","Newtonsoft.Json.Linq.JsonPath.FieldFilter+<ExecuteFilter>d__4.System.Collections.Generic.IEnumerable<Newtonsoft.Json.Linq.JToken>.GetEnumerator","Newtonsoft.Json.Linq.JsonPath.ArrayIndexFilter+<ExecuteFilter>d__4.MoveNext",1,1,0.20,0.20,
"Caller","Newtonsoft.Json.Linq.JsonPath.FieldFilter+<ExecuteFilter>d__4.System.Collections.Generic.IEnumerable<Newtonsoft.Json.Linq.JToken>.GetEnumerator","Newtonsoft.Json.Linq.JsonPath.FieldFilter+<ExecuteFilter>d__4.MoveNext",5,2,0.99,0.40,
"Callee","Newtonsoft.Json.Linq.JsonPath.FieldFilter+<ExecuteFilter>d__4.System.Collections.Generic.IEnumerable<Newtonsoft.Json.Linq.JToken>.GetEnumerator","[coreclr.dll]",3,3,0.59,0.59,
"Root","Newtonsoft.Json.Linq.JsonPath.FieldFilter+<ExecuteFilter>d__4.System.IDisposable.Dispose","Newtonsoft.Json.Linq.JsonPath.FieldFilter+<ExecuteFilter>d__4.System.IDisposable.Dispose",1,1,0.20,0.20,
"Root","Newtonsoft.Json.Linq.JsonPath.JPath..ctor","Newtonsoft.Json.Linq.JsonPath.JPath..ctor",3,0,0.59,0.00,
"Callee","Newtonsoft.Json.Linq.JsonPath.JPath..ctor","[coreclr.dll]",3,3,0.59,0.59,
"Root","Newtonsoft.Json.Linq.JsonPath.JPath.CreatePathFilter","Newtonsoft.Json.Linq.JsonPath.JPath.CreatePathFilter",7,3,1.39,0.59,
"Caller","Newtonsoft.Json.Linq.JsonPath.JPath.CreatePathFilter","Newtonsoft.Json.Linq.JsonPath.JPath.ParsePath",7,3,1.39,0.59,
"Callee","Newtonsoft.Json.Linq.JsonPath.JPath.CreatePathFilter","[coreclr.dll]",4,4,0.79,0.79,
"Root","Newtonsoft.Json.Linq.JsonPath.JPath.EatWhitespace","Newtonsoft.Json.Linq.JsonPath.JPath.EatWhitespace",7,7,1.39,1.39,
"Caller","Newtonsoft.Json.Linq.JsonPath.JPath.EatWhitespace","Newtonsoft.Json.Linq.JsonPath.JPath.ParseArrayIndexer",3,3,0.59,0.59,
"Caller","Newtonsoft.Json.Linq.JsonPath.JPath.EatWhitespace","Newtonsoft.Json.Linq.JsonPath.JPath.ParseIndexer",4,4,0.79,0.79,
"Root","Newtonsoft.Json.Linq.JsonPath.JPath.EnsureLength","Newtonsoft.Json.Linq.JsonPath.JPath.EnsureLength",1,1,0.20,0.20,
"Caller","Newtonsoft.Json.Linq.JsonPath.JPath.EnsureLength","Newtonsoft.Json.Linq.JsonPath.JPath.ParseIndexer",1,1,0.20,0.20,
"Root","Newtonsoft.Json.Linq.JsonPath.JPath.Evaluate","Newtonsoft.Json.Linq.JsonPath.JPath.Evaluate",70,10,13.86,1.98,
"Callee","Newtonsoft.Json.Linq.JsonPath.JPath.Evaluate","[coreclr.dll]",6,6,1.19,1.19,
"Callee","Newtonsoft.Json.Linq.JsonPath.JPath.Evaluate","[System.Private.CoreLib.dll]",18,18,3.56,3.56,
"Callee","Newtonsoft.Json.Linq.JsonPath.JPath.Evaluate","Newtonsoft.Json.Linq.JsonPath.ArrayIndexFilter.ExecuteFilter",14,6,2.77,1.19,
"Callee","Newtonsoft.Json.Linq.JsonPath.JPath.Evaluate","Newtonsoft.Json.Linq.JsonPath.FieldFilter.ExecuteFilter",16,4,3.17,0.79,
"Callee","Newtonsoft.Json.Linq.JsonPath.JPath.Evaluate","Newtonsoft.Json.Linq.JsonPath.ScanFilter.ExecuteFilter",6,3,1.19,0.59,
"Root","Newtonsoft.Json.Linq.JsonPath.JPath.ParseArrayIndexer","Newtonsoft.Json.Linq.JsonPath.JPath.ParseArrayIndexer",9,6,1.78,1.19,
"Caller","Newtonsoft.Json.Linq.JsonPath.JPath.ParseArrayIndexer","Newtonsoft.Json.Linq.JsonPath.JPath.ParsePath",9,6,1.78,1.19,
"Callee","Newtonsoft.Json.Linq.JsonPath.JPath.ParseArrayIndexer","Newtonsoft.Json.Linq.JsonPath.JPath.EatWhitespace",3,3,0.59,0.59,
"Root","Newtonsoft.Json.Linq.JsonPath.JPath.ParseIndexer","Newtonsoft.Json.Linq.JsonPath.JPath.ParseIndexer",9,4,1.78,0.79,
"Caller","Newtonsoft.Json.Linq.JsonPath.JPath.ParseIndexer","Newtonsoft.Json.Linq.JsonPath.JPath.ParsePath",9,4,1.78,0.79,
"Callee","Newtonsoft.Json.Linq.JsonPath.JPath.ParseIndexer","Newtonsoft.Json.Linq.JsonPath.JPath.EatWhitespace",4,4,0.79,0.79,
"Callee","Newtonsoft.Json.Linq.JsonPath.JPath.ParseIndexer","Newtonsoft.Json.Linq.JsonPath.JPath.EnsureLength",1,1,0.20,0.20,
"Root","Newtonsoft.Json.Linq.JsonPath.JPath.ParseMain","Newtonsoft.Json.Linq.JsonPath.JPath.ParseMain",162,2,32.08,0.40,
"Caller","Newtonsoft.Json.Linq.JsonPath.JPath.ParseMain","Newtonsoft.Json.Linq.JToken.SelectToken",2,0,0.40,0.00,
"Callee","Newtonsoft.Json.Linq.JsonPath.JPath.ParseMain","[coreclr.dll]",2,2,0.40,0.40,
"Callee","Newtonsoft.Json.Linq.JsonPath.JPath.ParseMain","Newtonsoft.Json.Linq.JsonPath.JPath.ParsePath",158,51,31.29,10.10,
"Root","Newtonsoft.Json.Linq.JsonPath.JPath.ParsePath","Newtonsoft.Json.Linq.JsonPath.JPath.ParsePath",158,51,31.29,10.10,
"Caller","Newtonsoft.Json.Linq.JsonPath.JPath.ParsePath","Newtonsoft.Json.Linq.JsonPath.JPath.ParseMain",158,51,31.29,10.10,
"Callee","Newtonsoft.Json.Linq.JsonPath.JPath.ParsePath","[coreclr.dll]",24,24,4.75,4.75,
"Callee","Newtonsoft.Json.Linq.JsonPath.JPath.ParsePath","[System.Private.CoreLib.dll]",58,58,11.49,11.49,
"Callee","Newtonsoft.Json.Linq.JsonPath.JPath.ParsePath","Newtonsoft.Json.Linq.JsonPath.JPath.CreatePathFilter",7,3,1.39,0.59,
"Callee","Newtonsoft.Json.Linq.JsonPath.JPath.ParsePath","Newtonsoft.Json.Linq.JsonPath.JPath.ParseArrayIndexer",9,6,1.78,1.19,
"Callee","Newtonsoft.Json.Linq.JsonPath.JPath.ParsePath","Newtonsoft.Json.Linq.JsonPath.JPath.ParseIndexer",9,4,1.78,0.79,
"Root","Newtonsoft.Json.Linq.JsonPath.PathFilter.GetNextScanValue","Newtonsoft.Json.Linq.JsonPath.PathFilter.GetNextScanValue",1,0,0.20,0.00,
"Caller","Newtonsoft.Json.Linq.JsonPath.PathFilter.GetNextScanValue","Newtonsoft.Json.Linq.JsonPath.ScanFilter+<ExecuteFilter>d__4.MoveNext",1,0,0.20,0.00,
"Callee","Newtonsoft.Json.Linq.JsonPath.PathFilter.GetNextScanValue","Newtonsoft.Json.Linq.JContainer.get_First",1,1,0.20,0.20,
"Root","Newtonsoft.Json.Linq.JsonPath.ScanFilter.ExecuteFilter","Newtonsoft.Json.Linq.JsonPath.ScanFilter.ExecuteFilter",6,3,1.19,0.59,
"Caller","Newtonsoft.Json.Linq.JsonPath.ScanFilter.ExecuteFilter","Newtonsoft.Json.Linq.JsonPath.JPath.Evaluate",6,3,1.19,0.59,
"Callee","Newtonsoft.Json.Linq.JsonPath.ScanFilter.ExecuteFilter","[coreclr.dll]",3,3,0.59,0.59,
"Root","Newtonsoft.Json.Linq.JsonPath.ScanFilter+<ExecuteFilter>d__4.MoveNext","Newtonsoft.Json.Linq.JsonPath.ScanFilter+<ExecuteFilter>d__4.MoveNext",65,5,12.87,0.99,
"Caller","Newtonsoft.Json.Linq.JsonPath.ScanFilter+<ExecuteFilter>d__4.MoveNext","Newtonsoft.Json.Linq.JsonPath.ArrayIndexFilter+<ExecuteFilter>d__4.MoveNext",27,4,5.35,0.79,
"Caller","Newtonsoft.Json.Linq.JsonPath.ScanFilter+<ExecuteFilter>d__4.MoveNext","Newtonsoft.Json.Linq.JsonPath.FieldFilter+<ExecuteFilter>d__4.MoveNext",45,1,8.91,0.20,
"Callee","Newtonsoft.Json.Linq.JsonPath.ScanFilter+<ExecuteFilter>d__4.MoveNext","Newtonsoft.Json.Linq.JsonPath.ArrayIndexFilter+<ExecuteFilter>d__4.MoveNext",60,5,11.88,0.99,
"Callee","Newtonsoft.Json.Linq.JsonPath.ScanFilter+<ExecuteFilter>d__4.MoveNext","Newtonsoft.Json.Linq.JsonPath.ArrayIndexFilter+<ExecuteFilter>d__4.System.Collections.Generic.IEnumerable<Newtonsoft.Json.Linq.JToken>.GetEnumerator",2,2,0.40,0.40,
"Callee","Newtonsoft.Json.Linq.JsonPath.ScanFilter+<ExecuteFilter>d__4.MoveNext","Newtonsoft.Json.Linq.JsonPath.ArrayIndexFilter+<ExecuteFilter>d__4.System.IDisposable.Dispose",1,1,0.20,0.20,
"Callee","Newtonsoft.Json.Linq.JsonPath.ScanFilter+<ExecuteFilter>d__4.MoveNext","Newtonsoft.Json.Linq.JsonPath.PathFilter.GetNextScanValue",1,0,0.20,0.00,
"Root","Newtonsoft.Json.Linq.JsonPath.ScanFilter+<ExecuteFilter>d__4.System.Collections.Generic.IEnumerable<Newtonsoft.Json.Linq.JToken>.GetEnumerator","Newtonsoft.Json.Linq.JsonPath.ScanFilter+<ExecuteFilter>d__4.System.Collections.Generic.IEnumerable<Newtonsoft.Json.Linq.JToken>.GetEnumerator",2,2,0.40,0.40,
"Caller","Newtonsoft.Json.Linq.JsonPath.ScanFilter+<ExecuteFilter>d__4.System.Collections.Generic.IEnumerable<Newtonsoft.Json.Linq.JToken>.GetEnumerator","Newtonsoft.Json.Linq.JsonPath.ArrayIndexFilter+<ExecuteFilter>d__4.MoveNext",1,1,0.20,0.20,
"Caller","Newtonsoft.Json.Linq.JsonPath.ScanFilter+<ExecuteFilter>d__4.System.Collections.Generic.IEnumerable<Newtonsoft.Json.Linq.JToken>.GetEnumerator","Newtonsoft.Json.Linq.JsonPath.FieldFilter+<ExecuteFilter>d__4.MoveNext",1,1,0.20,0.20,
"Root","Newtonsoft.Json.Linq.JToken.FromObjectInternal","Newtonsoft.Json.Linq.JToken.FromObjectInternal",76,0,15.05,0.00,
"Callee","Newtonsoft.Json.Linq.JToken.FromObjectInternal","[coreclr.dll]",3,3,0.59,0.59,
"Callee","Newtonsoft.Json.Linq.JToken.FromObjectInternal","Newtonsoft.Json.JsonSerializer.SerializeInternal",66,0,13.07,0.00,
"Callee","Newtonsoft.Json.Linq.JToken.FromObjectInternal","Newtonsoft.Json.JsonWriter..ctor",6,0,1.19,0.00,
"Callee","Newtonsoft.Json.Linq.JToken.FromObjectInternal","Newtonsoft.Json.JsonWriter.AutoCompleteAll",1,0,0.20,0.00,
"Root","Newtonsoft.Json.Linq.JToken.Remove","Newtonsoft.Json.Linq.JToken.Remove",2,0,0.40,0.00,
"Callee","Newtonsoft.Json.Linq.JToken.Remove","[coreclr.dll]",1,1,0.20,0.20,
"Callee","Newtonsoft.Json.Linq.JToken.Remove","Newtonsoft.Json.Linq.JContainer.RemoveItem",1,0,0.20,0.00,
"Root","Newtonsoft.Json.Linq.JToken.SelectToken","Newtonsoft.Json.Linq.JToken.SelectToken",7,0,1.39,0.00,
"Callee","Newtonsoft.Json.Linq.JToken.SelectToken","[coreclr.dll]",5,5,0.99,0.99,
"Callee","Newtonsoft.Json.Linq.JToken.SelectToken","Newtonsoft.Json.Linq.JsonPath.JPath.ParseMain",2,0,0.40,0.00,
"Root","Newtonsoft.Json.Linq.JToken.ToString","Newtonsoft.Json.Linq.JToken.ToString",17,0,3.37,0.00,
"Callee","Newtonsoft.Json.Linq.JToken.ToString","[coreclr.dll]",1,1,0.20,0.20,
"Callee","Newtonsoft.Json.Linq.JToken.ToString","Newtonsoft.Json.JsonTextWriter..ctor",7,0,1.39,0.00,
"Callee","Newtonsoft.Json.Linq.JToken.ToString","Newtonsoft.Json.Linq.JObject.WriteTo",9,0,1.78,0.00,
"Root","Newtonsoft.Json.Linq.JTokenWriter.WriteValue","Newtonsoft.Json.Linq.JTokenWriter.WriteValue",1,0,0.20,0.00,
"Caller","Newtonsoft.Json.Linq.JTokenWriter.WriteValue","Newtonsoft.Json.JsonWriter.WriteValue",1,0,0.20,0.00,
"Callee","Newtonsoft.Json.Linq.JTokenWriter.WriteValue","[coreclr.dll]",1,1,0.20,0.20,
"Root","Newtonsoft.Json.Linq.JValue.WriteTo","Newtonsoft.Json.Linq.JValue.WriteTo",1,0,0.20,0.00,
"Caller","Newtonsoft.Json.Linq.JValue.WriteTo","Newtonsoft.Json.Linq.JObject.WriteTo",1,0,0.20,0.00,
"Callee","Newtonsoft.Json.Linq.JValue.WriteTo","[coreclr.dll]",1,1,0.20,0.20,
"Root","Newtonsoft.Json.Serialization.CachedAttributeGetter`1[System.__Canon]..cctor","Newtonsoft.Json.Serialization.CachedAttributeGetter`1[System.__Canon]..cctor",1,0,0.20,0.00,
"Caller","Newtonsoft.Json.Serialization.CachedAttributeGetter`1[System.__Canon]..cctor","[coreclr.dll]",1,0,0.20,0.00,
"Callee","Newtonsoft.Json.Serialization.CachedAttributeGetter`1[System.__Canon]..cctor","[coreclr.dll]",1,1,0.20,0.20,
"Root","Newtonsoft.Json.Serialization.DefaultContractResolver..cctor","Newtonsoft.Json.Serialization.DefaultContractResolver..cctor",1,0,0.20,0.00,
"Caller","Newtonsoft.Json.Serialization.DefaultContractResolver..cctor","[coreclr.dll]",1,0,0.20,0.00,
"Callee","Newtonsoft.Json.Serialization.DefaultContractResolver..cctor","Newtonsoft.Json.Serialization.DefaultContractResolver..ctor",1,0,0.20,0.00,
"Root","Newtonsoft.Json.Serialization.DefaultContractResolver..ctor","Newtonsoft.Json.Serialization.DefaultContractResolver..ctor",1,0,0.20,0.00,
"Caller","Newtonsoft.Json.Serialization.DefaultContractResolver..ctor","Newtonsoft.Json.Serialization.DefaultContractResolver..cctor",1,0,0.20,0.00,
"Callee","Newtonsoft.Json.Serialization.DefaultContractResolver..ctor","[coreclr.dll]",1,1,0.20,0.20,
"Root","Newtonsoft.Json.Serialization.DefaultContractResolver.CreateContract","Newtonsoft.Json.Serialization.DefaultContractResolver.CreateContract",53,0,10.50,0.00,
"Caller","Newtonsoft.Json.Serialization.DefaultContractResolver.CreateContract","Newtonsoft.Json.Serialization.DefaultContractResolver.ResolveContract",53,0,10.50,0.00,
"Callee","Newtonsoft.Json.Serialization.DefaultContractResolver.CreateContract","Newtonsoft.Json.Serialization.DefaultContractResolver.CreatePrimitiveContract",45,0,8.91,0.00,
"Callee","Newtonsoft.Json.Serialization.DefaultContractResolver.CreateContract","Newtonsoft.Json.Serialization.DefaultContractResolver.IsJsonPrimitiveType",8,0,1.58,0.00,
"Root","Newtonsoft.Json.Serialization.DefaultContractResolver.CreatePrimitiveContract","Newtonsoft.Json.Serialization.DefaultContractResolver.CreatePrimitiveContract",45,0,8.91,0.00,
"Caller","Newtonsoft.Json.Serialization.DefaultContractResolver.CreatePrimitiveContract","Newtonsoft.Json.Serialization.DefaultContractResolver.CreateContract",45,0,8.91,0.00,
"Callee","Newtonsoft.Json.Serialization.DefaultContractResolver.CreatePrimitiveContract","[coreclr.dll]",1,1,0.20,0.20,
"Callee","Newtonsoft.Json.Serialization.DefaultContractResolver.CreatePrimitiveContract","Newtonsoft.Json.Serialization.DefaultContractResolver.InitializeContract",37,0,7.33,0.00,
"Callee","Newtonsoft.Json.Serialization.DefaultContractResolver.CreatePrimitiveContract","Newtonsoft.Json.Serialization.JsonPrimitiveContract..ctor",7,0,1.39,0.00,
"Root","Newtonsoft.Json.Serialization.DefaultContractResolver.GetCallbackMethodsForType","Newtonsoft.Json.Serialization.DefaultContractResolver.GetCallbackMethodsForType",4,0,0.79,0.00,
"Caller","Newtonsoft.Json.Serialization.DefaultContractResolver.GetCallbackMethodsForType","Newtonsoft.Json.Serialization.DefaultContractResolver.ResolveCallbackMethods",4,0,0.79,0.00,
"Callee","Newtonsoft.Json.Serialization.DefaultContractResolver.GetCallbackMethodsForType","[coreclr.dll]",3,3,0.59,0.59,
"Callee","Newtonsoft.Json.Serialization.DefaultContractResolver.GetCallbackMethodsForType","Newtonsoft.Json.Serialization.DefaultContractResolver.IsValidCallback",1,0,0.20,0.00,
"Root","Newtonsoft.Json.Serialization.DefaultContractResolver.InitializeContract","Newtonsoft.Json.Serialization.DefaultContractResolver.InitializeContract",37,0,7.33,0.00,
"Caller","Newtonsoft.Json.Serialization.DefaultContractResolver.InitializeContract","Newtonsoft.Json.Serialization.DefaultContractResolver.CreatePrimitiveContract",37,0,7.33,0.00,
"Callee","Newtonsoft.Json.Serialization.DefaultContractResolver.InitializeContract","[coreclr.dll]",6,5,1.19,0.99,
"Callee","Newtonsoft.Json.Serialization.DefaultContractResolver.InitializeContract","[System.Linq.dll]",1,1,0.20,0.20,
"Callee","Newtonsoft.Json.Serialization.DefaultContractResolver.InitializeContract","Newtonsoft.Json.JsonSerializer.GetMatchingConverter",3,0,0.59,0.00,
"Callee","Newtonsoft.Json.Serialization.DefaultContractResolver.InitializeContract","Newtonsoft.Json.Serialization.DefaultContractResolver.ResolveCallbackMethods",6,0,1.19,0.00,
"Callee","Newtonsoft.Json.Serialization.DefaultContractResolver.InitializeContract","Newtonsoft.Json.Utilities.ExpressionReflectionDelegateFactory.CreateDefaultConstructor",15,0,2.97,0.00,
"Callee","Newtonsoft.Json.Serialization.DefaultContractResolver.InitializeContract","Newtonsoft.Json.Utilities.ReflectionUtils.GetDefaultConstructor",1,0,0.20,0.00,
"Callee","Newtonsoft.Json.Serialization.DefaultContractResolver.InitializeContract","Newtonsoft.Json.Utilities.ThreadSafeStore`2[System.__Canon,System.__Canon].AddValue",5,0,0.99,0.00,
"Root","Newtonsoft.Json.Serialization.DefaultContractResolver.IsJsonPrimitiveType","Newtonsoft.Json.Serialization.DefaultContractResolver.IsJsonPrimitiveType",8,0,1.58,0.00,
"Caller","Newtonsoft.Json.Serialization.DefaultContractResolver.IsJsonPrimitiveType","Newtonsoft.Json.Serialization.DefaultContractResolver.CreateContract",8,0,1.58,0.00,
"Callee","Newtonsoft.Json.Serialization.DefaultContractResolver.IsJsonPrimitiveType","Newtonsoft.Json.Utilities.ConvertUtils.GetTypeCode",8,0,1.58,0.00,
"Root","Newtonsoft.Json.Serialization.DefaultContractResolver.IsValidCallback","Newtonsoft.Json.Serialization.DefaultContractResolver.IsValidCallback",1,0,0.20,0.00,
"Caller","Newtonsoft.Json.Serialization.DefaultContractResolver.IsValidCallback","Newtonsoft.Json.Serialization.DefaultContractResolver.GetCallbackMethodsForType",1,0,0.20,0.00,
"Callee","Newtonsoft.Json.Serialization.DefaultContractResolver.IsValidCallback","[System.Private.CoreLib.dll]",1,1,0.20,0.20,
"Root","Newtonsoft.Json.Serialization.DefaultContractResolver.ResolveCallbackMethods","Newtonsoft.Json.Serialization.DefaultContractResolver.ResolveCallbackMethods",6,0,1.19,0.00,
"Caller","Newtonsoft.Json.Serialization.DefaultContractResolver.ResolveCallbackMethods","Newtonsoft.Json.Serialization.DefaultContractResolver.InitializeContract",6,0,1.19,0.00,
"Callee","Newtonsoft.Json.Serialization.DefaultContractResolver.ResolveCallbackMethods","[coreclr.dll]",2,2,0.40,0.40,
"Callee","Newtonsoft.Json.Serialization.DefaultContractResolver.ResolveCallbackMethods","Newtonsoft.Json.Serialization.DefaultContractResolver.GetCallbackMethodsForType",4,0,0.79,0.00,
"Root","Newtonsoft.Json.Serialization.DefaultContractResolver.ResolveContract","Newtonsoft.Json.Serialization.DefaultContractResolver.ResolveContract",57,0,11.29,0.00,
"Caller","Newtonsoft.Json.Serialization.DefaultContractResolver.ResolveContract","Newtonsoft.Json.Serialization.JsonSerializerInternalWriter.Serialize",57,0,11.29,0.00,
"Callee","Newtonsoft.Json.Serialization.DefaultContractResolver.ResolveContract","[coreclr.dll]",4,4,0.79,0.79,
"Callee","Newtonsoft.Json.Serialization.DefaultContractResolver.ResolveContract","Newtonsoft.Json.Serialization.DefaultContractResolver.CreateContract",53,0,10.50,0.00,
"Root","Newtonsoft.Json.Serialization.DefaultSerializationBinder..cctor","Newtonsoft.Json.Serialization.DefaultSerializationBinder..cctor",3,0,0.59,0.00,
"Caller","Newtonsoft.Json.Serialization.DefaultSerializationBinder..cctor","[coreclr.dll]",3,0,0.59,0.00,
"Callee","Newtonsoft.Json.Serialization.DefaultSerializationBinder..cctor","[coreclr.dll]",1,1,0.20,0.20,
"Callee","Newtonsoft.Json.Serialization.DefaultSerializationBinder..cctor","Newtonsoft.Json.Serialization.DefaultSerializationBinder..ctor",2,0,0.40,0.00,
"Root","Newtonsoft.Json.Serialization.DefaultSerializationBinder..ctor","Newtonsoft.Json.Serialization.DefaultSerializationBinder..ctor",2,0,0.40,0.00,
"Caller","Newtonsoft.Json.Serialization.DefaultSerializationBinder..ctor","Newtonsoft.Json.Serialization.DefaultSerializationBinder..cctor",2,0,0.40,0.00,
"Callee","Newtonsoft.Json.Serialization.DefaultSerializationBinder..ctor","[coreclr.dll]",1,1,0.20,0.20,
"Callee","Newtonsoft.Json.Serialization.DefaultSerializationBinder..ctor","Newtonsoft.Json.Utilities.ThreadSafeStore`2[Newtonsoft.Json.Utilities.TypeNameKey,System.__Canon]..ctor",1,0,0.20,0.00,
"Root","Newtonsoft.Json.Serialization.JsonContract..ctor","Newtonsoft.Json.Serialization.JsonContract..ctor",1,0,0.20,0.00,
"Caller","Newtonsoft.Json.Serialization.JsonContract..ctor","Newtonsoft.Json.Serialization.JsonPrimitiveContract..ctor",1,0,0.20,0.00,
"Callee","Newtonsoft.Json.Serialization.JsonContract..ctor","Newtonsoft.Json.Utilities.ReflectionUtils.IsNullable",1,0,0.20,0.00,
"Root","Newtonsoft.Json.Serialization.JsonPrimitiveContract..cctor","Newtonsoft.Json.Serialization.JsonPrimitiveContract..cctor",3,0,0.59,0.00,
"Caller","Newtonsoft.Json.Serialization.JsonPrimitiveContract..cctor","[coreclr.dll]",3,0,0.59,0.00,
"Callee","Newtonsoft.Json.Serialization.JsonPrimitiveContract..cctor","[coreclr.dll]",3,3,0.59,0.59,
"Root","Newtonsoft.Json.Serialization.JsonPrimitiveContract..ctor","Newtonsoft.Json.Serialization.JsonPrimitiveContract..ctor",7,0,1.39,0.00,
"Caller","Newtonsoft.Json.Serialization.JsonPrimitiveContract..ctor","Newtonsoft.Json.Serialization.DefaultContractResolver.CreatePrimitiveContract",7,0,1.39,0.00,
"Callee","Newtonsoft.Json.Serialization.JsonPrimitiveContract..ctor","[coreclr.dll]",6,3,1.19,0.59,
"Callee","Newtonsoft.Json.Serialization.JsonPrimitiveContract..ctor","Newtonsoft.Json.Serialization.JsonContract..ctor",1,0,0.20,0.00,
"Root","Newtonsoft.Json.Serialization.JsonSerializerInternalWriter.Serialize","Newtonsoft.Json.Serialization.JsonSerializerInternalWriter.Serialize",65,0,12.87,0.00,
"Caller","Newtonsoft.Json.Serialization.JsonSerializerInternalWriter.Serialize","Newtonsoft.Json.JsonSerializer.SerializeInternal",65,0,12.87,0.00,
"Callee","Newtonsoft.Json.Serialization.JsonSerializerInternalWriter.Serialize","[coreclr.dll]",7,7,1.39,1.39,
"Callee","Newtonsoft.Json.Serialization.JsonSerializerInternalWriter.Serialize","Newtonsoft.Json.JsonWriter.WriteValue",1,0,0.20,0.00,
"Callee","Newtonsoft.Json.Serialization.JsonSerializerInternalWriter.Serialize","Newtonsoft.Json.Serialization.DefaultContractResolver.ResolveContract",57,0,11.29,0.00,
"Root","Newtonsoft.Json.Serialization.JsonTypeReflector.GetAssociateMetadataTypeFromAttribute","Newtonsoft.Json.Serialization.JsonTypeReflector.GetAssociateMetadataTypeFromAttribute",1,0,0.20,0.00,
"Caller","Newtonsoft.Json.Serialization.JsonTypeReflector.GetAssociateMetadataTypeFromAttribute","Newtonsoft.Json.Utilities.ThreadSafeStore`2[System.__Canon,System.__Canon].AddValue",1,0,0.20,0.00,
"Callee","Newtonsoft.Json.Serialization.JsonTypeReflector.GetAssociateMetadataTypeFromAttribute","[coreclr.dll]",1,1,0.20,0.20,
"Root","Newtonsoft.Json.Serialization.JsonTypeReflector.GetAttribute","Newtonsoft.Json.Serialization.JsonTypeReflector.GetAttribute",3,0,0.59,0.00,
"Caller","Newtonsoft.Json.Serialization.JsonTypeReflector.GetAttribute","Newtonsoft.Json.Utilities.ThreadSafeStore`2[System.__Canon,System.__Canon].AddValue",3,0,0.59,0.00,
"Callee","Newtonsoft.Json.Serialization.JsonTypeReflector.GetAttribute","Newtonsoft.Json.Utilities.ReflectionUtils.GetAttribute",1,0,0.20,0.00,
"Callee","Newtonsoft.Json.Serialization.JsonTypeReflector.GetAttribute","Newtonsoft.Json.Utilities.ThreadSafeStore`2[System.__Canon,System.__Canon].AddValue",2,0,0.40,0.00,
"Root","Newtonsoft.Json.Utilities.CollectionUtils.ArrayEmpty","Newtonsoft.Json.Utilities.CollectionUtils.ArrayEmpty",1,0,0.20,0.00,
"Caller","Newtonsoft.Json.Utilities.CollectionUtils.ArrayEmpty","Newtonsoft.Json.Utilities.ReflectionUtils..cctor",1,0,0.20,0.00,
"Callee","Newtonsoft.Json.Utilities.CollectionUtils.ArrayEmpty","[coreclr.dll]",1,1,0.20,0.20,
"Root","Newtonsoft.Json.Utilities.ConvertUtils..cctor","Newtonsoft.Json.Utilities.ConvertUtils..cctor",5,0,0.99,0.00,
"Caller","Newtonsoft.Json.Utilities.ConvertUtils..cctor","[coreclr.dll]",5,0,0.99,0.00,
"Callee","Newtonsoft.Json.Utilities.ConvertUtils..cctor","[coreclr.dll]",4,4,0.79,0.79,
"Callee","Newtonsoft.Json.Utilities.ConvertUtils..cctor","Newtonsoft.Json.Utilities.ThreadSafeStore`2[Newtonsoft.Json.Utilities.ConvertUtils+TypeConvertKey,System.__Canon]..ctor",1,0,0.20,0.00,
"Root","Newtonsoft.Json.Utilities.ConvertUtils.GetTypeCode","Newtonsoft.Json.Utilities.ConvertUtils.GetTypeCode",8,0,1.58,0.00,
"Caller","Newtonsoft.Json.Utilities.ConvertUtils.GetTypeCode","Newtonsoft.Json.Serialization.DefaultContractResolver.IsJsonPrimitiveType",8,0,1.58,0.00,
"Callee","Newtonsoft.Json.Utilities.ConvertUtils.GetTypeCode","[coreclr.dll]",8,3,1.58,0.59,
"Root","Newtonsoft.Json.Utilities.DateTimeUtils.TryParseDateTime","Newtonsoft.Json.Utilities.DateTimeUtils.TryParseDateTime",1,0,0.20,0.00,
"Caller","Newtonsoft.Json.Utilities.DateTimeUtils.TryParseDateTime","Newtonsoft.Json.JsonTextReader.ParseReadString",1,0,0.20,0.00,
"Callee","Newtonsoft.Json.Utilities.DateTimeUtils.TryParseDateTime","[coreclr.dll]",1,1,0.20,0.20,
"Root","Newtonsoft.Json.Utilities.EnumUtils.GetValues","Newtonsoft.Json.Utilities.EnumUtils.GetValues",2,0,0.40,0.00,
"Caller","Newtonsoft.Json.Utilities.EnumUtils.GetValues","Newtonsoft.Json.JsonWriter.BuildStateArray",2,0,0.40,0.00,
"Callee","Newtonsoft.Json.Utilities.EnumUtils.GetValues","[coreclr.dll]",1,1,0.20,0.20,
"Callee","Newtonsoft.Json.Utilities.EnumUtils.GetValues","Newtonsoft.Json.Utilities.TypeExtensions.GetFields",1,0,0.20,0.00,
"Root","Newtonsoft.Json.Utilities.ExpressionReflectionDelegateFactory.CreateDefaultConstructor","Newtonsoft.Json.Utilities.ExpressionReflectionDelegateFactory.CreateDefaultConstructor",15,0,2.97,0.00,
"Caller","Newtonsoft.Json.Utilities.ExpressionReflectionDelegateFactory.CreateDefaultConstructor","Newtonsoft.Json.Serialization.DefaultContractResolver.InitializeContract",15,0,2.97,0.00,
"Callee","Newtonsoft.Json.Utilities.ExpressionReflectionDelegateFactory.CreateDefaultConstructor","[coreclr.dll]",14,14,2.77,2.77,
"Callee","Newtonsoft.Json.Utilities.ExpressionReflectionDelegateFactory.CreateDefaultConstructor","[System.Private.CoreLib.dll]",1,1,0.20,0.20,
"Root","Newtonsoft.Json.Utilities.JavaScriptUtils..cctor","Newtonsoft.Json.Utilities.JavaScriptUtils..cctor",6,0,1.19,0.00,
"Caller","Newtonsoft.Json.Utilities.JavaScriptUtils..cctor","[coreclr.dll]",6,0,1.19,0.00,
"Callee","Newtonsoft.Json.Utilities.JavaScriptUtils..cctor","[coreclr.dll]",5,5,0.99,0.99,
"Callee","Newtonsoft.Json.Utilities.JavaScriptUtils..cctor","[System.Private.CoreLib.dll]",1,1,0.20,0.20,
"Root","Newtonsoft.Json.Utilities.JavaScriptUtils.GetCharEscapeFlags","Newtonsoft.Json.Utilities.JavaScriptUtils.GetCharEscapeFlags",7,0,1.39,0.00,
"Caller","Newtonsoft.Json.Utilities.JavaScriptUtils.GetCharEscapeFlags","Newtonsoft.Json.JsonTextWriter..ctor",7,0,1.39,0.00,
"Callee","Newtonsoft.Json.Utilities.JavaScriptUtils.GetCharEscapeFlags","[coreclr.dll]",7,1,1.39,0.20,
"Root","Newtonsoft.Json.Utilities.ReflectionUtils..cctor","Newtonsoft.Json.Utilities.ReflectionUtils..cctor",1,0,0.20,0.00,
"Caller","Newtonsoft.Json.Utilities.ReflectionUtils..cctor","[coreclr.dll]",1,0,0.20,0.00,
"Callee","Newtonsoft.Json.Utilities.ReflectionUtils..cctor","Newtonsoft.Json.Utilities.CollectionUtils.ArrayEmpty",1,0,0.20,0.00,
"Root","Newtonsoft.Json.Utilities.ReflectionUtils.GetAttribute","Newtonsoft.Json.Utilities.ReflectionUtils.GetAttribute",1,0,0.20,0.00,
"Caller","Newtonsoft.Json.Utilities.ReflectionUtils.GetAttribute","Newtonsoft.Json.Serialization.JsonTypeReflector.GetAttribute",1,0,0.20,0.00,
"Callee","Newtonsoft.Json.Utilities.ReflectionUtils.GetAttribute","[coreclr.dll]",1,1,0.20,0.20,
"Root","Newtonsoft.Json.Utilities.ReflectionUtils.GetDefaultConstructor","Newtonsoft.Json.Utilities.ReflectionUtils.GetDefaultConstructor",1,0,0.20,0.00,
"Caller","Newtonsoft.Json.Utilities.ReflectionUtils.GetDefaultConstructor","Newtonsoft.Json.Serialization.DefaultContractResolver.InitializeContract",1,0,0.20,0.00,
"Callee","Newtonsoft.Json.Utilities.ReflectionUtils.GetDefaultConstructor","[coreclr.dll]",1,1,0.20,0.20,
"Root","Newtonsoft.Json.Utilities.ReflectionUtils.IsNullable","Newtonsoft.Json.Utilities.ReflectionUtils.IsNullable",1,0,0.20,0.00,
"Caller","Newtonsoft.Json.Utilities.ReflectionUtils.IsNullable","Newtonsoft.Json.Serialization.JsonContract..ctor",1,0,0.20,0.00,
"Callee","Newtonsoft.Json.Utilities.ReflectionUtils.IsNullable","[coreclr.dll]",1,0,0.20,0.00,
"Root","Newtonsoft.Json.Utilities.ThreadSafeStore`2[Newtonsoft.Json.Utilities.ConvertUtils+TypeConvertKey,System.__Canon]..ctor","Newtonsoft.Json.Utilities.ThreadSafeStore`2[Newtonsoft.Json.Utilities.ConvertUtils+TypeConvertKey,System.__Canon]..ctor",1,0,0.20,0.00,
"Caller","Newtonsoft.Json.Utilities.ThreadSafeStore`2[Newtonsoft.Json.Utilities.ConvertUtils+TypeConvertKey,System.__Canon]..ctor","Newtonsoft.Json.Utilities.ConvertUtils..cctor",1,0,0.20,0.00,
"Callee","Newtonsoft.Json.Utilities.ThreadSafeStore`2[Newtonsoft.Json.Utilities.ConvertUtils+TypeConvertKey,System.__Canon]..ctor","[coreclr.dll]",1,1,0.20,0.20,
"Root","Newtonsoft.Json.Utilities.ThreadSafeStore`2[Newtonsoft.Json.Utilities.TypeNameKey,System.__Canon]..ctor","Newtonsoft.Json.Utilities.ThreadSafeStore`2[Newtonsoft.Json.Utilities.TypeNameKey,System.__Canon]..ctor",1,0,0.20,0.00,
"Caller","Newtonsoft.Json.Utilities.ThreadSafeStore`2[Newtonsoft.Json.Utilities.TypeNameKey,System.__Canon]..ctor","Newtonsoft.Json.Serialization.DefaultSerializationBinder..ctor",1,0,0.20,0.00,
"Callee","Newtonsoft.Json.Utilities.ThreadSafeStore`2[Newtonsoft.Json.Utilities.TypeNameKey,System.__Canon]..ctor","[coreclr.dll]",1,1,0.20,0.20,
"Root","Newtonsoft.Json.Utilities.ThreadSafeStore`2[System.__Canon,System.__Canon].AddValue","Newtonsoft.Json.Utilities.ThreadSafeStore`2[System.__Canon,System.__Canon].AddValue",5,0,0.99,0.00,
"Caller","Newtonsoft.Json.Utilities.ThreadSafeStore`2[System.__Canon,System.__Canon].AddValue","Newtonsoft.Json.Serialization.DefaultContractResolver.InitializeContract",5,0,0.99,0.00,
"Caller","Newtonsoft.Json.Utilities.ThreadSafeStore`2[System.__Canon,System.__Canon].AddValue","Newtonsoft.Json.Serialization.JsonTypeReflector.GetAttribute",2,0,0.40,0.00,
"Callee","Newtonsoft.Json.Utilities.ThreadSafeStore`2[System.__Canon,System.__Canon].AddValue","[coreclr.dll]",3,3,0.59,0.59,
"Callee","Newtonsoft.Json.Utilities.ThreadSafeStore`2[System.__Canon,System.__Canon].AddValue","Newtonsoft.Json.Serialization.JsonTypeReflector.GetAssociateMetadataTypeFromAttribute",1,0,0.20,0.00,
"Callee","Newtonsoft.Json.Utilities.ThreadSafeStore`2[System.__Canon,System.__Canon].AddValue","Newtonsoft.Json.Serialization.JsonTypeReflector.GetAttribute",3,0,0.59,0.00,
"Root","Newtonsoft.Json.Utilities.TypeExtensions.GetFields","Newtonsoft.Json.Utilities.TypeExtensions.GetFields",1,0,0.20,0.00,
"Caller","Newtonsoft.Json.Utilities.TypeExtensions.GetFields","Newtonsoft.Json.Utilities.EnumUtils.GetValues",1,0,0.20,0.00,
"Callee","Newtonsoft.Json.Utilities.TypeExtensions.GetFields","Newtonsoft.Json.Utilities.TypeExtensions.GetFieldsRecursive",1,0,0.20,0.00,
"Root","Newtonsoft.Json.Utilities.TypeExtensions.GetFieldsRecursive","Newtonsoft.Json.Utilities.TypeExtensions.GetFieldsRecursive",1,0,0.20,0.00,
"Caller","Newtonsoft.Json.Utilities.TypeExtensions.GetFieldsRecursive","Newtonsoft.Json.Utilities.TypeExtensions.GetFields",1,0,0.20,0.00,
"Callee","Newtonsoft.Json.Utilities.TypeExtensions.GetFieldsRecursive","[System.Linq.dll]",1,1,0.20,0.20,
